品項,價格,商家
SONY PS4主機(500G黑) HITS5 同捆組,9980,isunfar愛順發3C購物網
【PS4 組合】500G 主機(HITS同捆組)+原廠無線手把,11570,momo摩天商城
PS4收納包 pro便攜包ps4pro收納包索尼PS4配件包主機保護包旅行背包顯示器,2688,momo摩天商城
★快速到貨★【SONY 索尼】PS4 HITS Bundle 4 500G主機同捆組,9980,udn買東西
【PS4週邊】☆ PS4 SONY原廠 HDD 插槽蓋 主機上蓋 硬碟殼 硬碟蓋 ☆【水波藍色】台中星光電玩,480,momo摩天商城
【PS4週邊】☆ SONY原廠 新次元戰記 戰機少女 HDD 插槽蓋 主機上蓋硬碟殼 ☆【黑色次世代紫靈心】台中星光電玩,2630,momo摩天商城
【PS4週邊】☆ SONY原廠 勇者鬥惡龍 創世小玩家 HDD 插槽蓋 主機上蓋 硬碟殼 ☆【白色】台中星光電玩,590,momo摩天商城
ps4收納包 SONY 索尼ps4 pro主機包收納包slim游戲機包PS4/ps3主機通用包  免運,672,momo摩天商城
【小艾時尚】PS4 Slim pro主機防塵罩 收納包 保護套 防塵套PS4pro游戲主機罩(全新正品),856,momo摩天商城
【軟體世界】PS4 Pro 1TB 主機 極致黑 加 PS4 手把 極致黑 加 手把充電座 加 新鋼彈創壞者 中文版(雙十一點數22倍送限定組合),17000,momo摩天商城
【軟體世界】PS4 Pro 1TB 主機 極致黑 加 PS4 手把 冰河白 加 手把充電座 加 新鋼彈創壞者 中文版(雙十一點數22倍送限定組合),17000,momo摩天商城
【軟體世界】PS4 Pro 1TB 主機 極致黑 加 PS4 手把 極致黑 加 手把充電座 加 火影忍者新忍出擊 中文版(雙十一點數22倍送限定組合),16900,momo摩天商城
【軟體世界】PS4 Pro 1TB 主機 極致黑 加 PS4 手把 冰河白 加 手把充電座 加 火影忍者新忍出擊 中文版(雙十一點數22倍送限定組合),16900,momo摩天商城
【PS4主機 豪華西部組】☆ 2117A Slim 薄機＋碧血狂殺2 特別版＋機身貼 ☆【台中星光電玩】,11640,momo摩天商城
【軟體世界】PS4 Pro 1TB 主機 冰河白 加購 PS4 手把 冰河白 組合(11/1-11/30期間限定促銷),13480,momo摩天商城
PS4 主機散熱風扇支架散熱器底座PS4手柄支架座充主機配件充電器,1099,momo摩天商城
【福利品特賣會 PS4主機】☆ 2117A SLIM Days of Play 藍色主機 ☆【無盒全新品】台中星光電玩,9440,momo摩天商城
【板橋魔力】PS4 PRO主機 日本 CYBER USB端子 主機吸入口 USB孔 灰塵過濾 防塵塞組 黑色款,590,momo摩天商城
【板橋魔力】PS4 PRO主機用 日本ANSWER 多用途直立架 立架 雙風扇 雙手充電座 放置架 含USB擴充孔,1090,momo摩天商城
【PS4主機】☆ PS4 Pro 漫威蜘蛛人 特仕主機 紅色主機 限定機 台灣公司貨 ☆【不含遊戲軟體】台中星光電玩,13450,momo摩天商城
SONY PS4 PRO 1TB 主機 + 俠盜獵車手5《中文版》,14570,momo摩天商城
SONY PS4主機(500G黑) HITS5 同捆組,9980,isunfar愛順發3C購物網
